party_name,coverage_n,pearson_r,pearson_p,spearman_r,spearman_p,stability_score,stability_note,fdr_significant
ประชาชน,399,0.526460622857766,7.904778254228155e-30,0.5017748517021197,7.827704326688888e-27,0.8571428571428571,Consistent,True
ประชาธิปัตย์,398,-0.509201053787607,1.2125741709450712e-27,-0.1674415333423619,0.0007975375768809397,0.7142857142857143,Consistent,True
เพื่อไทย,396,0.3529091051843609,4.665930748032126e-13,0.3667558472200885,4.713968657164132e-14,0.7142857142857143,Consistent,True
ภูมิใจไทย,394,-0.34167645201438207,3.1370330810594996e-12,-0.35656335024399716,2.9580793511646735e-13,0.8571428571428571,Consistent,True
เศรษฐกิจ,262,0.18465818718302757,0.002695297436248521,0.1786958812121528,0.003707776319540186,0.7142857142857143,Consistent,True
กล้าธรรม,326,-0.09201833521735901,0.0972018555822993,-0.05599889163574648,0.3134574618093384,0.2857142857142857,Variable,False
รวมไทยสร้างชาติ,245,0.07699337189425079,0.22984549219874162,0.2693469550955129,1.9231531297040298e-05,0.2857142857142857,Variable,False
